name,artist,year,producer,genre,language,length,label
Like a Rolling Stone,Боб Дилан,1965,Том Уилсон,"фолк-рок",английский,06:13,Columbia Records
Johnny B. Goode,Чак Берри,1958,"Леонард Чесс,Фил Чесс",рок-н-ролл,американский английский,2:40,Chess
Good Vibrations,The Beach Boys,1966,Брайан Уилсон,"психоделический рок,арт-поп,эйсид-рок,психоделический поп,авант-поп,R&B,",английский,3:39,Capitol
A Change Is Gonna Come,Сэм Кук,1964,,соул,английский,3:12,RCA Victor
My Generation,The Who,1965,,"рок,хард-рок,пауэр-поп",английский,3:18,Brunswick
What’d I Say,Рэй Чарльз,1959,"Ахмет Эртегюн,Джерри Векслер",соул,английский,5:04,Atlantic
Yesterday,The Beatles,1965,Джордж Мартин,"чеймбер-поп",английский,2:03,Capitol Records
Blowin’ in the Wind,Боб Дилан,1963,,"Фолк,Фолк,Фолк","английский,английский,английский",2 мин. 48 сек.,Columbia Records
Respect,Арета Франклин,1967,Джерри Векслер,соул,,2:29,Atlantic
Hey Jude,The Beatles,1968,Джордж Мартин,"Рок,поп,поп-рок",английский,7:08,Apple Records
(I Can’t Get No) Satisfaction,The Rolling Stones,1965,Эндрю Луг Олдэм,"Блюз-рок,,хард-рок,",английский,3:44,London
In My Life,The Beatles,1965,Джордж Мартин,"Барокко-поп,,поп-рок,",английский,2:28,EMI
Be My Baby,The Ronettes,1963,Фил Спектор,"поп,ритм-энд-блюз",,3 мин. 4 сек.,Philles Records
Whole Lotta Love,Led Zeppelin,1969,Джимми Пейдж,"блюз-рок,хард-рок,психоделический рок",английский,5:33 (альбомная версия),Atlantic Records
Imagine,Джон Леннон,1971,"Фил Спектор,Джон Леннон,Йоко Оно","пиано-баллада,софт-рок",английский,3:01,Parlophone
What’s Going On,Марвин Гэй,1971,Марвин Гэй,"соул,фанк",,3:40,Tamla
Will You Love Me Tomorrow,The Shirelles,1960,,"R&B,диско",английский,2:43,Scepter
Papa Was a Rollin’ Stone,The Temptations,1972,,"психоделический соул,,",английский,6:54 ,Gordy Records
Love Will Tear Us Apart,Joy Division,1980,Мартин Хэннет,"постпанк,готик-рок,синтипоп,новая волна",английский,3:25,Factory
Free Bird,Lynyrd Skynyrd,1973,Эл Купер,южный рок,,9:06 ,MCA
Rehab,Эми Уайнхаус,2007,Марк Ронсон,Соул,английский,3:36,Island
Wichita Lineman,Глен Кэмпбелл,1968,,,,,
Knockin’ on Heaven’s Door,Боб Дилан,1973,Гордон Кэрролл,фолк-рок,английский,2:32,Columbia
Higher Ground,Стиви Уандер,1973,Стиви Уандер,"фанк,,,фанк-метал,,","английский,английский",3:10 (сингл-версия),Motown Records
1999,Принс,1982,Принс,"фанк,,звучание Миннеаполиса,",английский,6:22 ,Warner Bros.
Hallelujah,Джефф Бакли,1994,Джефф Бакли,"фолк-рок,госпел",английский,4:36,Columbia Records
He’s a Rebel,The Crystals,1962,Фил Спектор,рок-н-ролл,английский,2:31,Philles
Smells Like Teen Spirit,Nirvana,1991,Бутч Виг,"гранж,альтернативный рок,хард-рок",английский,05:01 ,DGC Records
Sunday Bloody Sunday,U2,1983,Стив Лиллиуайт,"постпанк,",английский,4:40,Island
Ziggy Stardust,Дэвид Боуи,1972,"Дэвид Боуи,Кен Скотт",глэм-рок,,3:13,RCA Records
Ooo Baby Baby,The Miracles,1965,Смоки Робинсон,,,,Motown Records
You Are the Sunshine of My Life,Стиви Уандер,1972,Стиви Уандер,"соул,поп-музыка",,2:58,Tamla
Da Ya Think I’m Sexy?,Род Стюарт,1978,Том Дауд,"диско,новая волна",английский,5:31 (альбомн. вер.),Warner Bros.
One More Time,Daft Punk,2000,Daft Punk,французский хаус,,5:20,Virgin
Seven Nation Army,The White Stripes,2003,Джек Уайт,"гаражный рок,альтернативный рок",английский,3:52,XL
In Dreams,Рой Орбисон,1963,,"кантри,поп",английский,2:48,Monument
Like a Prayer,Мадонна,1989,"Мадонна,Патрик Леонард",поп-рок,английский,5:41,Sire
I’ll Take You There,The Staple Singers,1972,,,,,Columbia Records
Take Me Out,Franz Ferdinand,2004,,"инди-рок,дэнс-панк,постпанк-ривайвл,гаражный рок,арт-рок",,,Domino
Wish You Were Here,Pink Floyd,1975,Pink Floyd,"прогрессивный рок",английский,5:40,Harvest
School’s Out,Элис Купер,1972,Боб Эзрин,"хард-рок,глэм-рок",английский,3:26,Warner Bros. Records
Many Rivers to Cross,Джимми Клифф,1969,Джимми Клифф,"Регги,госпел,регги",,2:44,Trojan Records
Help Me,Джони Митчелл,1974,Джони Митчелл,,,,Asylum
Don’t Let Me Be Misunderstood,The Animals,1965,,"соул,джаз,Блюз-рок","английский,английский",02:59,Philips
The End,The Doors,1967,Пол Ротшильд,"психоделический рок,рага-рок,арт-рок,прогрессивный рок,spoken word",английский,11:40,Elektra Records
Beautiful Day,U2,2000,"Даниэль Лануа,Брайан Ино",Рок,,4:06,Island Records
Beat It,Майкл Джексон,1982,Куинси Джонс,"хард-рок,дэнс-рок,ритм-н-блюз",английский,4:18,Epic Records
Alison,Элвис Костелло,1977,Ник Лоу,,,,
Wild Horses,The Rolling Stones,1971,Джимми Миллер,"Кантри-рок,фолк-рок",английский,5:42,Rolling Stones Records
Jim Dandy,Лаверн Бейкер,1956,"Ахмет Эртегюн,Джерри Векслер",,,,
Runaround Sue,Дион,1961,,"ду-воп,рок-н-ролл,",английский,2:41,Laurie Records
Got My Mojo Working,Мадди Уотерс,1957,"Леонард Чесс,Фил Чесс,Вилли Диксон","блюз,блюз",,2:37,Baton
Unchained Melody,The Righteous Brothers,1965,Фил Спектор,Голубоглазый соул,английский,3,Philles
Highway 61 Revisited,Боб Дилан,1965,,"фолк-рок,гаражный рок,",английский,3:30,Columbia
Complete Control,The Clash,1979,Ли Перри,панк-рок,,3:10,CBS
That’s the Way of the World,"Earth, Wind and Fire",1975,Морис Уайт,,,,
The Letter,The Box Tops,1967,,,,,
All You Need Is Love,The Beatles,1967,Джордж Мартин,"поп-музыка,психоделический поп",английский,3:44,Parlophone
The Wind Cries Mary,The Jimi Hendrix Experience,1967,Чес Чендлер,"Рок-баллада,",английский,3,Track
Summer in the City,The Lovin’ Spoonful,1966,,рок,английский,2 ,Kama Sutra Records
Just My Imagination (Running Away with Me),The Temptations,1971,,,,,
Roxanne,The Police,1979,The Police,"новая волна,регги-рок",,3:14,A&M Records
Tiny Dancer,Элтон Джон,1971,,"барокко-поп,симфонический рок",английский,6:12,Uni
Baby I Need Your Loving,The Four Tops,1964,"Брайан Холланд, Ламонт Дозье, Эдди Холланд",,,,
I Know You Got Soul,Eric B. & Rakim,1987,Раким,хип-хоп,,4:46,
New Year’s Day,U2,1983,Стив Лиллиуайт,"рок,пост-панк",английский,5:36 ,Island
Tumbling Dice,The Rolling Stones,1972,Джимми Миллер,блюз-рок,английский,3:45,Rolling Stones Records
Love Me Tender,Элвис Пресли,1956,,"фолк,,рокабилли,,поп-музыка,",английский,2:41,RCA Records
American Idiot,Green Day,2004,Green Day,"панк-рок,,поп-панк,",английский,2:54,Reprise Records
Beast of Burden,The Rolling Stones,1978,The Glimmer Twins,"блюз-рок,соул",,4:24,Rolling Stones Records
Piano Man,Билли Джоэл,1973,,"софт-рок,фолк-рок",английский,5:40 ,Columbia
Smoke on the Water,Deep Purple,1972,Deep Purple,"хард-рок,,хеви-метал,",английский,5:42 ,EMI
Leader of the Pack,The Shangri-Las,1964,"Элли Гринвич,Джефф Барри","поп,Rock","английский,английский",2:49,Red Bird
Kiss,"Принс,The Revolution",1986,"Принс,The Revolution",,,,
Heroin,The Velvet Underground,1967,"Энди Уорхол,Том Уилсон",экспериментальный рок,английский,07:12,Verve
Come as You Are,Nirvana,1991,"Бутч Виг,Nirvana","альтернативный рок,,гранж",,03:39,DGC
I Got You Babe,Сонни и Шер,1965,Сонни Боно,"барокко-поп,регги,синтпоп,даб","английский,английский",3:11,Atco
"William, It Was Really Nothing",The Smiths,1984,,,,,
Pressure Drop,Toots and the Maytals,1973,,,,,
All Apologies,Nirvana,1993,Стив Альбини,"гранж,альтернативный рок",английский,3:50,DGC
"Do Right Woman, Do Right Man",Арета Франклин,1967,Джерри Векслер,"R&B,поп",,3:14,Atlantic
Where Did Our Love Go,The Supremes,1964,"Брайан Холланд, Ламонт Дозье","R&B,поп,ду-воп",английский,2:33,Motown
Welcome to the Jungle,Guns N’ Roses,1987,,"глэм-метал,,,,,,хард-рок,,",английский,,Geffen
Runaway,Дел Шеннон,1961,,"поп-рок,рок-н-ролл",английский,2:20,London
Soul Man,Сэм и Дейв,1967,Айзек Хейз,,,,
Cry Me a River,Джастин Тимберлейк,2002,Тимбалэнд,"Поп,R&B",английский,4:48,Jive
Lady Marmalade,Labelle,1975,Алан Туссен,"соул,диско,фанк,соул,диско,фанк,Данс-поп,диско,R&B,R&B","английский,Кажунский диалект французского языка,английский,Кажунский диалект французского языка,английский,Кажунский диалект французского языка,английский,Кажунский диалект французского языка",3:56,Epic
Into the Mystic,Ван Моррисон,1970,Ван Моррисон,,,,
Keep A-Knockin’,Литл Ричард,1957,,рок-н-ролл,,2:22,Specialty
Lola,The Kinks,1970,,"рок,,фолк-рок,",английский,4:03,Pye
Crossroads,Cream,1969,,"Блюз,Хард-рок,блюз-рок","английский,английский",2,Vocalion
I Believe I Can Fly,Ар Келли,1996,,"Современный ритм-н-блюз,соул,госпел",английский,5:22 (альбомная версия),Atlantic
The Boys are Back in Town,Thin Lizzy,1976,,хард-рок,английский,4 мин. 29 с. ,Vertigo
More Than a Feeling,Boston,1976,,"хард-рок,,альбомно-ориентированный рок,стадионный рок,",английский,3:25 (сингл версия),Epic
The Rising,Брюс Спрингстин,2002,,,,,
Desperado,Eagles,1973,,Софт-рок,,3:33,Asylum
Devil with a Blue Dress On,Mitch Ryder and the Detroit Wheels,1966,,,,,
You Don’t Have to Say You Love Me,Дасти Спрингфилд,1966,,"традиционная поп-музыка,поп","английский,английский",,Philips
Rhiannon,Fleetwood Mac,1975,,"рок,,софт-рок,",,4:12 (альбомн. вер.),Reprise
Graceland,Пол Саймон,1986,,"фолк-рок,worldbeat",,4:48,Warner Bros.
One Nation Under a Groove,Funkadelic,1978,,фанк,,Альбом: 7:33 ,Warner Bros.
Rainy Night in Georgia,Брук Бентон,1969,,,,,
Then He Kissed Me,The Crystals,1963,,"поп,рок,поп","английский,английский",2:35,London
On the Road Again,Вилли Нельсон,1980,,Country rock,английский,2:38,Columbia
Search and Destroy,The Stooges,1973,,"прото-панк,гаражный рок,хард-рок,",английский,3:29,Columbia
Stagger Lee,Ллойд Прайс,1958,,"американская народная музыка,поп,R&B","английский,английский",3:21,Victor
It’s Too Late,Кэрол Кинг,1971,,,,,
Free Man in Paris,Джони Митчелл,1974,,,,,
Lose Yourself,Эминем,2002,,"хип-хоп,рэп-рок",английский,5:26 (альбомная версия),Shady
One Fine Day,The Chiffons,1963,,,,,
Band of Gold,Фрида Пейн,1970,,,,,
By the Time I Get to Phoenix,Глен Кэмпбелл,1967,,,,,
Kicks,Paul Revere & the Raiders,1966,,,,,
Sh-Boom,The Chords,1954,,,,,
Da Doo Ron Ron,The Crystals,1963,,"R&B,поп,ду-воп",,2:18,Philles Records
Buddy Holly,Weezer,1994,Рик Окасек,"Альтернативный рок,,пауэр-поп,,,поп-рок,",,2:39,
Brown Sugar,The Rolling Stones,1971,Джимми Миллер,хард-рок,,3:50,Rolling Stones Records
I Will Survive,Глория Гейнор,1978,,диско,английский,"3:18 (45) 8:01 (12""/LP)",
Time to Pretend,MGMT,2008,,"психоделический рок,",,4:19,Columbia
Miss You,The Rolling Stones,1978,The Glimmer Twins,"диско,,",,,Rolling Stones Records
Shop Around,The Miracles,1960,Берри Горди,,,,
Ignition (Remix),Ар Келли,2002,Ар Келли,,,,
Under the Boardwalk,The Drifters,1964,,"соул,традиционная поп-музыка",,2:45,Atlantic
Just Like Heaven,The Cure,1987,Роберт Смит,"новая волна,поп,пост-панк,готик-рок",английский,3:32,Fiction Records
I’m Eighteen,Элис Купер,1971,Боб Эзрин,"Хард-рок,,,глэм-рок,",,3 ,Straight Records
I Love Rock ’n’ Roll,Joan Jett & the Blackhearts,1982,,"Хард-рок,рок,Поп-рок,R&B","английский,английский,английский",2:48,RAK Records
Clocks,Coldplay,2002,Кен Нельсон,"альтернативный рок,психоделический рок,арена-поп",английский,05:07 (альбомная версия),Parlophone
Young Americans,Дэвид Боуи,1975,Тони Висконти,"соул,,голубоглазый соул,",,5:10 ,RCA
Running on Empty,Джексон Браун,1977,Джексон Браун,,,,
I Want to Know What Love Is,Foreigner,1984,Мик Джонс,"софт-рок,Поп-музыка,современный ритм-н-блюз","английский,английский",4:58 ,Atlantic Records
White Rabbit,Jefferson Airplane,1967,,"Психоделический рок,",английский,02:31,RCA Victor
Since U Been Gone,Келли Кларксон,2004,"Dr. Luke,Макс Мартин","Поп-рок,пауэр-поп",английский,3:08,RCA
Super Freak,Рик Джеймс,1981,Рик Джеймс,"фанк,,",,,Gordy
Sabotage,Beastie Boys,1994,Beastie Boys,"Рэп-рок,,,",английский,2 ,Capitol Records
Surrender,Cheap Trick,1978,,"рок,пауэр-поп,хард-рок",,4:12,Epic
How Soon Is Now?,The Smiths,1985,,"альтернативный рок,пост-панк,психоделический рок,",английский,"3:53 (7"")",Rough Trade
Last Nite,The Strokes,2001,,,,,
Get Ur Freak On,Мисси Эллиотт,2001,Тимбалэнд,хип-хоп,,3:56,Goldmind
Rollin’ Stone,Мадди Уотерс,1948,"Леонард Чесс,Фил Чесс","блюз,электрик-блюз,",,3:05,Chess
Sheena Is a Punk Rocker,Ramones,1977,Томми Рамон,"панк-рок,сёрф-рок,",английский,2:49,Sire
Standing in the Shadows of Love,The Four Tops,1966,"Брайан Холланд, Ламонт Дозье",,,,
My Sweet Lord,Джордж Харрисон,1970,"Джордж Харрисон,Фил Спектор","фолк-рок,госпел",английский,4:39,Apple Records
Rain,The Beatles,1966,Джордж Мартин,"психоделический рок,",английский,3:00,Parlophone
Respect Yourself,The Staple Singers,1971,,,,,
Big Pimpin’,Jay-Z,1999,Тимбалэнд,,,,
Paradise City,Guns N’ Roses,1987,,"хард-рок,,,хеви-метал,глэм-метал,,,",английский,06:46,Geffen
Cupid,Сэм Кук,1961,Сэм Кук,ритм-н-блюз,английский,2:30,RCA Records
The Twist,Чабби Чекер,1960,,рок-н-ролл,английский,2:34,Parkway
In da Club,50 Cent,2002,Dr. Dre,гангста-рэп,,3:13,Shady Records
Penny Lane,The Beatles,1967,Джордж Мартин,"Прогрессивный поп,,,барокко-поп,,психоделический поп,",английский,3:03,Parlophone
I Shot the Sheriff,"Боб Марли,The Wailers",1973,Крис Блэквелл,регги,английский,4:41,Island Records
Mustang Sally,Уилсон Пикетт,1966,Джерри Векслер,R&B,,3:08,Atlantic
Push It,Salt-N-Pepa,1987,,"дэнс-поп,хип-поп",,4:30 ,Next Plateau
I Wanna Be Your Dog,The Stooges,1969,Джон Кейл,"прото-панк,гаражный рок",английский,3:09,Elektra
Ramble On,Led Zeppelin,1969,Джимми Пейдж,"Фолк-рок,,хард-рок,,блюз-рок,",английский,4,Atlantic
Ain’t That a Shame,Фэтс Домино,1955,Дейв Бартоломью,"рок-н-ролл,рок,рок","английский,английский,английский",2:16,Imperial
Pink Houses,John Cougar Mellencamp,1983,Джон Мелленкамп,,,,
(White Man) In Hammersmith Palais,The Clash,1979,The Clash,"регги,панк-рок",,3:59,CBS
Everybody Needs Somebody to Love,Соломон Берк,1964,,"ритм-н-блюз,соул",английский,,
Come Go with Me,The Del-Vikings,1957,,,,,
Alone Again Or,Love,1968,Артур Ли,,,,
Midnight Train to Georgia,Gladys Knight and the Pips,1973,,,,,
Nuthin’ But a “G” Thang,Dr. Dre,1993,Dr. Dre,"Хип-хоп Западного побережья,,джи-фанк,,гангста-рэп",,3:58,Death Row
Suite: Judy Blue Eyes,"Crosby, Stills & Nash",1969,"Дэвид Кросби,Грэм Нэш,Стивен Стиллз",фолк-рок,английский,7:28 (альбомн. вер.),Atlantic
Fuck tha Police,N.W.A.,1989,"Dr. Dre,DJ Yella","Гангста-рэп,Хип-хоп Западного побережья,хардкор-рэп",английский,3:42,Ruthless
Juicy,The Notorious B.I.G.,1994,Шон Комбс,хип-хоп,,5:03,Bad Boy
It’s Your Thing,The Isley Brothers,1969,The Isley Brothers,,,,
The Boys of Summer,Дон Хенли,1984,"Дон Хенли,Майк Кэмпбелл",,английский,4:47 (альбомная версия),
Young Blood,The Coasters,1957,Джерри Либер и Майк Столлер,Ритм-н-блюз,английский,2:15,Atco Records
The Girl Can’t Help It,Литл Ричард,1957,,рок-н-ролл,,,Specialty Records
Ode to Billie Joe,Бобби Джентри,1967,,"кантри,блюз",,4:15,Capitol
I Feel Love,Донна Саммер,1977,Джорджо Мородер,"евродиско,хай-энерджи,,,диско,хай-энерджи,хаус,диско,поп,диско,синти-поп,,","английский,английский,английский",5:53,Casablanca Records
Sweet Emotion,Aerosmith,1975,,хард-рок,,3:09 ,Columbia
I Can’t Help Myself (Sugar Pie Honey Bunch),The Four Tops,1965,"Брайан Холланд, Ламонт Дозье, Эдди Холланд",,,,
In Bloom,Nirvana,1991,Бутч Виг,"Альтернативный рок,Гранж,",английский,4:14,DGC
Visions of Johanna,Боб Дилан,1966,,"фолк-рок,блюз-рок,психоделический фолк",английский,7:30,Columbia
Umbrella,"Рианна,Jay-Z",2007,Трики Стюарт,"Поп,R&B,хип-хоп",английский,4:35,Def Jam
C’mon Everybody,Эдди Кокран,1958,,"рок-н-ролл,рокабилли,протопанк",,,Liberty
Monkey Gone to Heaven,Pixies,1989,,,,,
We’ve Only Just Begun,The Carpenters,1970,,,,,
Tonight’s the Night,The Shirelles,1960,,"R&B,поп",,2:00,Scepter
Thank You (Falettinme Be Mice Elf Agin),Sly & the Family Stone,1970,Слай Стоун,,,,
Sweet Home Alabama,Lynyrd Skynyrd,1974,Эл Купер,южный рок,английский,4:45,MCA
(Don’t Fear) The Reaper,Blue Oyster Cult,1976,,"хард-рок,психоделический рок",английский,5:08 ,Columbia Records
Remember (Walkin’ in the Sand),The Shangri-Las,1964,,поп,,2:17,Red Bird
Can’t Help Falling in Love,Элвис Пресли,1961,,"барокко-поп,регги,поп","английский,английский,английский",2:59,
Enter Sandman,Metallica,1991,"Боб Рок,Джеймс Хэтфилд,Ларс Ульрих",хеви-метал,английский,5:30,
Ticket to Ride,The Beatles,1965,Джордж Мартин,"пауэр-поп,,джэнгл-поп,,фолк-рок,,рок","английский,английский",3:10,Parlophone
Goodbye Yellow Brick Road,Элтон Джон,1973,,"софт-рок,глэм-рок",,3:11,MCA
Thirteen,Big Star,1972,,,,,
Bitter Sweet Symphony,The Verve,1997,The Verve,"альтернативный рок,,брит-поп,психоделическая музыка,классическая музыка",английский,5:58 ,
O-o-h Child,The Five Stairsteps,1970,,,,,
Ohio,"Crosby, Stills, Nash and Young",1970,"Дэвид Кросби,Стивен Стиллз,Грэм Нэш,Нил Янг",,,,
Whipping Post,The Allman Brothers Band,1969,Том Дауд,,,,
Tell It Like It Is,Аарон Невилл,1966,,,,,
Radio Free Europe,R.E.M.,1983,,"альтернативный рок,пост-панк",американский английский,3:46,Hib-Tone
Another Brick in the Wall Part 2,Pink Floyd,1979,"Боб Эзрин,Дэвид Гилмор,Роджер Уотерс","прогрессив-рок,прогрессив-рок,фанк-рок,арт-рок","английский,английский", ,Harvest
Wonderful World,Сэм Кук,1960,"Лу Адлер,Сэм Кук","ритм-н-блюз,соул",английский,2:09,Keen
Pride (In the Name of Love),U2,1984,"Брайан Ино,Даниэль Лануа","рок,пост-панк",английский,3:48,Island
Marquee Moon,Television,1977,,"арт-панк,новая волна,",английский,10:40,Elektra
Hit the Road Jack,Рэй Чарльз,1961,,ритм-н-блюз,английский,1:57,ABC Records
Brown Eyed Handsome Man,Чак Берри,1956,"Леонард Чесс,Фил Чесс",Рок-н-ролл,,2:19,Chess Records
Maps,Yeah Yeah Yeahs,2004,,"Инди-рок,арт-панк",,3:40,Interscope
Fake Plastic Trees,Radiohead,1995,Джон Леки,альтернативный рок,английский,4:52,Parlophone
White Room,Cream,1968,,"психоделический рок,блюз-рок,,хард-рок,",,3:04,Atco
I Can’t Explain,The Who,1965,,"пауэр-поп,",английский,2:04,Brunswick
I’m a Man,Бо Диддли,1955,"Леонард Чесс,Фил Чесс,Бо Диддли",ритм-н-блюз,английский,2:59,Checker
Personal Jesus,Depeche Mode,1989,"Depeche Mode,Flood","электроник-рок,,блюз-рок,,альтернативный рок,,дэнс-рок,",английский,4:56 ,Mute
How Deep Is Your Love,Bee Gees,1977,Bee Gees,"поп,ритм-н-блюз",английский,"4:06, 3:36 ",RSO Records
Killing Me Softly with His Song,Роберта Флэк,1973,Джоэл Дорн,Соул,английский,4:46,Atlantic
Nowhere to Run,Martha and the Vandellas,1965,"Брайан Холланд, Ламонт Дозье","поп,соул",,2:48,Gordy
Little Wing,The Jimi Hendrix Experience,1968,Чес Чендлер,рок,английский,2:26,MCA Records
Sweet Dreams (Are Made of This),Eurythmics,1983,Дэйв Стюарт,"новая волна,синти-поп",английский,3:35 ,RCA
The Great Pretender,The Platters,1955,,R&B,английский,2:37,Mercury Records
Bad Moon Rising,Creedence Clearwater Revival,1969,Джон Фогерти,"рутс-рок,swamp rock,кантри-рок",английский,2:21,Fantasy
Tears in Heaven,Эрик Клэптон,1992,,Софт-рок,английский,4:30,Warner Bros. Records
All Shook Up,Элвис Пресли,1957,,"Рок-н-ролл,Рок",,1:57,RCA Records
The Loco-Motion,Литл Ива,1962,Джерри Гоффин,"Бабблгам-поп,ритм-н-блюз",английский,02:27,
Spanish Harlem,Бен Кинг,1960,Джерри Либер и Майк Столлер,соул,,2:53,Atco Records
Candle in the Wind,Элтон Джон,1973,,Поп-музыка,,3:39,A&M
California Love,"Dr. Dre,2Pac",1996,Dr. Dre,"Хип-хоп Западного побережья,гангста-рэп,джи-фанк",английский,4:45 ,Death Row
Piece of My Heart,Big Brother and the Holding Company,1968,,"фанк,соул",,2:35,Shout Records
Baba O’Riley,The Who,1971,"The Who,Глин Джонс","Хард-рок,,арт-рок",английский,5:08,Polydor
Watching the Detectives,Элвис Костелло,1977,Ник Лоу,,,,
La Bamba,Ричи Валенс,1958,,"Латинский рок,Латиноамериканская музыка,Рок-н-ролл,Латинский рок,Латиноамериканская музыка","испанский,испанский",2:04,Del-Fi
That Lady (Part 1 and 2),The Isley Brothers,1973,The Isley Brothers,,,,
You Keep Me Hangin’ On,The Supremes,1966,"Брайан Холланд, Ламонт Дозье","соул,поп,психоделический рок,прото-панк,прото-метал,хай-энерджи,,,новая волна,","английский,английский,английский",2:47 ,Motown
Sweet Jane,The Velvet Underground,1970,The Velvet Underground,"прото-панк,",,3:55,Atlantic
The Harder They Come,Джимми Клифф,1975,Джимми Клифф,,,,
Spirit in the Sky,Норман Гринбаум,1970,,,,,
Maybe I’m Amazed,Пол Маккартни,1970,Пол Маккартни,,,,
Subterranean Homesick Blues,Боб Дилан,1965,,фолк-рок,английский,,Columbia Records
We Will Rock You,Queen,1977,Queen,"арена-рок,хеви-метал,арена-рок,,,,,","английский,английский",2:01,Elektra Records
Get Up (I Feel Like Being a) Sex Machine,Джеймс Браун,1970,Джеймс Браун,"фанк,",,2:49 ,King
For Your Precious Love,"Джерри Батлер,The Impressions",1958,,,,,
Baby Love,The Supremes,1964,"Брайан Холланд, Ламонт Дозье",,английский,2:34,Motown
I Can’t Make You Love Me,Бонни Рэйтт,1991,Бонни Рэйтт,,,,
Dancing Barefoot,Patti Smith Group,1979,Тодд Рандгрен,Рок,английский,4:18,Arista
Fight the Power,Public Enemy,1989,,хип-хоп,,5:23 ,Motown
Heartbreaker,Led Zeppelin,1969,Джимми Пейдж,"Блюз-рок,,,Хард-рок,,",английский,4,Atlantic
Comfortably Numb,Pink Floyd,1979,Боб Эзрин,Прогрессивный рок,английский,3:59,EMI
Wake Up Little Susie,The Everly Brothers,1957,,"кантри,рокабилли",,1:57,Cadence
Cortez the Killer,Нил Янг,1975,Нил Янг,,,,
Good Lovin’,The Young Rascals,1966,"Ариф Мардин,Том Дауд",,,,
I Put a Spell on You,Скримин Джей Хокинс,1956,,"ритм-н-блюз,,рок-н-ролл,,шок-рок,,Рок-н-ролл","английский,английский",2 ,OKeh
Iron Man,Black Sabbath,1970,,"хеви-метал,Рок","английский,английский",3:33 / 5:56 (,Vertigo
Lonely Teardrops,Джеки Уилсон,1958,Берри Горди,рок-н-ролл,,2:41,Brunswick
What’s Love Got to Do with It,Тина Тёрнер,1984,,"Поп,R&B,R&B,хип-хоп Западного побережья,даунтемпо,тропикал-хаус","английский,английский,английский",3:48,Capitol
Say It Loud – I’m Black and I’m Proud,Джеймс Браун,1968,Джеймс Браун,фанк,,,King
Why Do Fools Fall in Love,The Teenagers,1956,,"ду-воп,рок-н-ролл,ритм-н-блюз,соул",,2:20,Gee Records
With a Little Help from My Friends,The Beatles,1967,Джордж Мартин,"поп-рок,психоделик-поп",английский,02:44,Parlophone
Ruby Tuesday,The Rolling Stones,1967,Эндрю Луг Олдем,барокко-поп,английский,3:32,Decca Records
Blue Eyes Crying in the Rain,Вилли Нельсон,1975,Вилли Нельсон,кантри,английский,2:18,Columbia
Sign o’ the Times,Принс,1987,Принс,"фанк,,минимализм,",,"3:44 (7"")",Paisley Park
Heart of Gold,Нил Янг,1972,Нил Янг,"фолк-рок,кантри-рок",английский,3:07,Reprise
One Way or Another,Blondie,1979,Майк Чепмен,"панк-рок,новая волна,пауэр-поп",английский,3:31,Chrysalis
"Get Up, Stand Up",Bob Marley & The Wailers,1975,Крис Блэквелл,регги,,3:15,Tuff Gong
Street Fighting Man,The Rolling Stones,1968,Джимми Миллер,"хард-рок,,рок-н-ролл,,рага-рок,",английский,3:09,London
Black Dog,Led Zeppelin,1971,Джимми Пейдж,"хард-рок,блюз-рок",английский,4:56,Atlantic Records
That’s Entertainment,The Jam,1980,The Jam,,,,
Train in Vain,The Clash,1979,,,английский,3:09,CBS
She’s Not There,The Zombies,1964,,Бит,английский,2:25,Decca
Walk This Way,"Run-DMC,Aerosmith",1986,"Рик Рубин,Расселл Симмонс","хард-рок,,рэп-рок,,хард-рок,,поп","английский,английский,английский",03:32,Columbia
Stan,"Эминем,Дайдо",2000,Эминем,"альтернативный хип-хоп,хорроркор",,6:44 (альбомная версия),Aftermath
Can’t Buy Me Love,The Beatles,1964,Джордж Мартин,Рок-н-ролл,английский,2:15,Capitol Records
Money (That’s What I Want),Барретт Стронг,1960,Берри Горди,"ритм-н-блюз,Бит,блюз","английский,английский,английский",2:47,Tamla
Smokestack Lightning,Хаулин Вулф,1956,"Леонард Чесс,Фил Чесс,Вилли Диксон",блюз,,2:32,Chess
Ain’t No Sunshine,Билл Уизерс,1971,Букер Ти Джонс,"соул,R&B,блюз",английский,2:03,Sussex
Pictures of You,The Cure,1989,Роберт Смит,"готик-рок,,электроник-рок,,синти-поп,,альтернативный рок,",,см. ниже,
Call Me,Blondie,1980,Джорджо Мородер,"дэнс-рок,,новая волна,,хард-рок,","английский,[8]",3:32 ,Polydor Records
Tired of Being Alone,Эл Грин,1971,,,,,
Born in the U.S.A.,Брюс Спрингстин,1984,"Брюс Спрингстин,Стив Ван Зандт",хартленд-рок,английский,4:38,Columbia
Summer Babe,Pavement,1992,Стивен Малкмус,,,,
(What’s So Funny ’Bout) Peace Love and Understanding?,Elvis Costello & the Attractions,1979,Ник Лоу,,,,
Somebody to Love,Jefferson Airplane,1967,,"Психоделический рок,",английский,2:58,RCA Records
Chapel of Love,The Dixie Cups,1964,"Джерри Либер и Майк Столлер,Элли Гринвич,Джефф Барри",,,,
Something,The Beatles,1969,Джордж Мартин,софт-рок,английский,3:01,Apple Records
Sweet Little Sixteen,Чак Берри,1958,"Леонард Чесс,Фил Чесс",Рок-н-ролл,английский,3:02,Chess Records
Sloop John B,The Beach Boys,1966,Брайан Уилсон,"Фолк-рок,,,чеймбер-поп,",английский,2:59,Capitol
He Stopped Loving Her Today,Джордж Джонс,1980,,кантри,,3:15,Epic
Personality Crisis,New York Dolls,1973,Тодд Рандгрен,"глэм-рок,панк-рок,хард-рок",,3:41,Mercury Records
Tighten Up,Archie Bell and the Drells,1968,,Фанк,,3:15 ,Atlantic
Walking in the Rain,The Ronettes,1964,Фил Спектор,R&B,,2:35,Philles
"Oh, What a Night",The Dells,1969,,,,,
I Can See for Miles,The Who,1967,,"психоделический рок,,пауэр-поп,,хард-рок,,психоделия,",английский,4:05,Track
Roadrunner,The Modern Lovers,1976,Джон Кейл,,,,
Jesus Walks,Канье Уэст,2004,Канье Уэст,Альтернативный хип-хоп,английский,3:13,Roc-A-Fella
Sail Away,Рэнди Ньюмен,1972,,,,,
Wild Thing,The Troggs,1966,,"гаражный рок,,хард-рок,,прото-панк,",,2:30,Fontana
Heart of Glass,Blondie,1978,Майк Чепмен,"новая волна,диско,Rock and roll,","английский,английский",5:48 ,Chrysalis
Highway to Hell,AC/DC,1979,,"хард-рок,",английский,3:28,Albert
Mack the Knife,Бобби Дарин,1959,Ахмет Эртегюн,"Зонг,Джаз,Джаз","немецкий,немецкий",3:25,Columbia Records
Money Honey,The Drifters,1953,"Ахмет Эртегюн,Джерри Векслер","ритм-энд-блюз,рок-н-ролл","английский,английский",,Atlantic
Paranoid Android,Radiohead,1997,Найджел Годрич,"альтернативный рок,арт-рок,прогрессивный рок,нео-прог",,6:23,Parlophone
All the Young Dudes,Mott the Hoople,1972,Дэвид Боуи,глэм-рок,английский,,Columbia
Paranoid,Black Sabbath,1970,,хеви-метал,английский,2 ,Vertigo
Rapper’s Delight,The Sugarhill Gang,1979,Сильвия Робинсон,"хип-хоп,,,диско,фанк,,,,",английский,,Sugar Hill
Mississippi,Боб Дилан,2001,Боб Дилан,,,,
Chain of Fools,Арета Франклин,1967,Джерри Векслер,"R&B,соул,рок",,4:03 (оригинальная неизданная запись),Atlantic
The Night They Drove Old Dixie Down,The Band,1969,The Band,"Рутс-рок,американа,южный рок,фолк","английский,английский",3 мин. 33 с.,Capitol
Rocket Man,Элтон Джон,1972,,"Поп,Софт-рок,Спейс-рок",английский,4:41,DJM
(Your Love Keeps Lifting Me) Higher and Higher,Джеки Уилсон,1967,,"Chicago soul,глэм-рок","английский,английский",2:59,Brunswick Records
Hot Fun in the Summertime,Sly & the Family Stone,1969,Слай Стоун,,,,
Love Shack,The B-52s,1989,Найл Роджерс,"поп-рок,,дэнс-рок,",американский английский,5:21 (альбомн. вер.),Reprise
The Wanderer,Дион,1961,,"ритм-н-блюз,pop,рок-н-ролл,кантри","английский,английский",2:51,Laurie
Son of a Preacher Man,Дасти Спрингфилд,1968,Джерри Векслер,"голубоглазый соул,R&B",английский,2:29,Atlantic
Gimme Some Lovin’,The Spencer Davis Group,1966,Джимми Миллер,,,,
Stand!,Sly & the Family Stone,1969,Слай Стоун,,,,
I Fall to Pieces,Пэтси Клайн,1961,,"кантри,традиционная поп-музыка",,2:47,Decca Records
We Gotta Get out of This Place,The Animals,1965,,"рок-н-ролл,блюз-рок",английский,3:17,Columbia Graphophone
I Got a Woman,Рэй Чарльз,1954,Джерри Векслер,Ритм-н-блюз,английский,2:48,Atlantic
Everyday,Бадди Холли,1957,,"Рок-н-ролл,Рок-н-ролл","английский,английский",2:09,Coral Records
I’ll Feel a Whole Lot Better,The Byrds,1965,,"фолк-рок,поп",английский,2:32,Columbia
Paper Planes,M.I.A.,2007,Diplo,"альтернативный хип-хоп,ворлдбит,альтернативная танцевальная музыка",,3:24,XL
Planet Rock,"Afrika Bambaataa,Soulsonic Force",1982,Afrika Bambaataa,,,,
Only the Lonely,Рой Орбисон,1960,,"поп,рок-н-ролл",английский,2:24,Monument
Sexual Healing,Марвин Гэй,1982,Марвин Гэй,"постдиско,соул,фанк",английский,(album version),Columbia
Just Like a Woman,Боб Дилан,1966,,"фолк-рок,,поп,",английский,4:53 ,Columbia
Mannish Boy,Мадди Уотерс,1955,"Леонард Чесс,Фил Чесс,Вилли Диксон",чикагский блюз,английский,2:55,Chess
Hoochie Coochie Man,Мадди Уотерс,1954,"Леонард Чесс,Фил Чесс,Вилли Диксон",Чикагский блюз,английский,2:48,Chess Records
Should I Stay or Should I Go,The Clash,1982,Глин Джонс,"Рок-музыка,,панк-рок,,арена-рок,",английский,3:06,Epic
Moondance,Ван Моррисон,1970,Ван Моррисон,,,,
Good Times,Chic,1979,"Бернард Эдвардс,Найл Роджерс",,,,
Fire and Rain,Джеймс Тейлор,1970,Питер Эшер,,,,
Walk Away Renée,The Left Banke,1966,,барокко-поп,,2:43,Smash
Spoonful,Хаулин Вулф,1960,"Леонард Чесс,Фил Чесс",блюз,английский,2:45,Chess
"Oh, Pretty Woman",Рой Орбисон,1964,,"рокабилли,хард-рок","английский,английский",2:59,Monument Records
Boom Boom,Джон Ли Хукер,1962,,"блюз,talking blues",,2:29,Vee-Jay
Walk on the Wild Side,Лу Рид,1972,"Дэвид Боуи,Мик Ронсон,Лу Рид",глэм-рок,английский,4:12 ,RCA
Jolene,Долли Партон,1973,,"кантри-поп,кантри","английский,английский",2 мин. 43 с.,RCA
Dance to the Music,Sly & the Family Stone,1968,Слай Стоун,,,,
Do You Believe in Magic,The Lovin’ Spoonful,1965,,"фолк-рок,,саншайн-поп,",,2:06,Kama Sutra
Your Cheatin’ Heart,Хэнк Уильямс,1953,Фред Роуз,"кантри,хонки-тонк,блюз",английский,2:38,MGM
Rockin’ in the Free World,Нил Янг,1989,Нил Янг,"хард-рок,хартленд-рок",английский,3:38 (акустич. вер.),Reprise
Bye Bye Love,The Everly Brothers,1957,,"рокабилли,кантри,рок-н-ролл",английский,,Cadence
Reach Out I’ll Be There,The Four Tops,1966,"Брайан Холланд, Ламонт Дозье, Эдди Холланд","соул,соул","английский,английский",3:01,Motown
"Caroline, No",The Beach Boys,1966,Брайан Уилсон,"барокко-поп,барокко-поп",,2:52,Capitol
In My Room,The Beach Boys,1963,Брайан Уилсон,"ду-воп,поп",английский,2:11,Capitol
Lean on Me,Билл Уизерс,1972,Билл Уизерс,соул,английский,4:17 (альбомн. вер.),
Gloria,Them,1964,,Рок,английский,2:38,Decca
96 Tears,Question Mark & the Mysterians,1966,,,,,
Try a Little Tenderness,Отис Реддинг,1966,"Джим Стюарт,Стив Кроппер",,,,
Positively 4th Street,Боб Дилан,1965,,фолк-рок,английский,,
Come Together,The Beatles,1969,Джордж Мартин,"блюз-рок,,хард-рок,блюз-рок","английский,английский",4:20,Apple Records
Bizarre Love Triangle,New Order,1986,New Order,"новая волна,,,синти-поп,",,4:22 ,Factory Records
Loser,Бек,1993,,"альтернативный рок,альтернативный хип-хоп,рэп-рок",,3:55,DGC Records
Hey Joe,The Jimi Hendrix Experience,1966,Чес Чендлер,"хард-рок,,блюз-рок,","английский,английский",2,Polydor
Don’t Be Cruel,Элвис Пресли,1956,,Рок-н-ролл,английский,2:04,RCA Records
Flash Light,Parliament,1977,Джордж Клинтон,,,,
Maybe,The Chantels,1957,,популярная музыка,английский,2:54,End
Peggy Sue,Бадди Холли,1957,,рок-н-ролл,английский,2:29,Coral
There Goes My Baby,The Drifters,1959,Джерри Либер и Майк Столлер,"соул,ритм-н-блюз,ду-воп,рок,пост-диско,синти-поп",,2:08,Atlantic Records
Stayin’ Alive,Bee Gees,1977,Bee Gees,"диско,евро-хаус,диско","английский,английский",4:45,RSO Records
Back in Black,AC/DC,1980,Матт Ланг,"хард-рок,",английский,4:14,Atlantic Records
Sweet Child O' Mine,Guns N’ Roses,1987,,"хард-рок,,,глэм-метал,,",английский,4:12 ,Geffen
I Never Loved a Man (The Way I Love You),Арета Франклин,1967,Джерри Векслер,"соул,блюз",,2:51,Atlantic
Who’ll Stop the Rain,Creedence Clearwater Revival,1970,Джон Фогерти,фолк-рок,английский,2:29,Fantasy
Desolation Row,Боб Дилан,1965,,"фолк-рок,панк-рок,","английский,английский",11:21,Reprise
Please Please Me,The Beatles,1964,Джордж Мартин,"мерсибит,,рок-н-ролл,,рок,бит","английский,английский",2:00,Parlophone
The Thrill Is Gone,Би Би Кинг,1969,,"блюз,ритм-н-блюз,соул",,5:24 (альбомная вер.),Bluesway
September Gurls,Big Star,1974,Big Star,"пауэр-поп,дженгл-поп",английский,2:41,Ardent
Save the Last Dance for Me,The Drifters,1960,Джерри Либер и Майк Столлер,"ритм-н-блюз,поп",английский,2:34,Atlantic
Free Fallin’,Том Петти,1989,Джефф Линн,"хартленд-рок,,фолк-рок,",английский,4:14,MCA Records
Green Onions,Booker T and the MG’s,1962,Джим Стюарт,"инструментальный рок,соул-джаз",,2:52,Stax
Don’t Worry Baby,The Beach Boys,1964,Брайан Уилсон,California Sound,английский,2:47,Capitol
Hey Ya!,Outkast,2003,,"Хип-хоп,фанк,поп,соул",,3:55,Arista
Dream On,Aerosmith,1973,,"хард-рок,блюз-рок",,3:25 (синглов. вер.),Columbia
99 Problems,Jay-Z,2003,Рик Рубин,Рэп-рок,,3:54,Roc-A-Fella
"Both Sides, Now",Джони Митчелл,1969,Джони Митчелл,фолк-рок,английский,4:32,Reprise
Losing My Religion,R.E.M.,1991,"Скотт Литт,R.E.M.",Альтернативный рок,английский,4:28,Warner Bros. Records
I Fought the Law,The Bobby Fuller Four,1966,,"рок-н-ролл,гаражный рок,,панк-рок","английский,английский,английский",2:12,Coral
God Save the Queen,Sex Pistols,1977,Крис Томас,"панк-рок,,NWOBHM","английский,английский",3:20,A&M
Dancing Queen,ABBA,1976,"Бьорн Ульвеус,Бенни Андерссон","диско,поп,поп-музыка","английский,английский",3:51,Polar
Let’s Get It On,Марвин Гэй,1973,Марвин Гэй,"соул,фанк",,4:53 ,Tamla
Fast Car,Трэйси Чэпмен,1988,,"фолк,поп,фолк-рок,кантри","английский,английский",,Elektra
Nothing Compares 2 U,Шинейд О’Коннор,1990,"Принс,Шинейд О’Коннор","поп-рок,софт-рок,новая волна",английский,5:11,Chrysalis
I Can’t Stop Loving You,Рэй Чарльз,1962,,"кантри,R&B,кантри-соул,традиционная поп-музыка","английский,английский",3:14,RCA Victor
Folsom Prison Blues,Джонни Кэш,1956,Сэм Филлипс,"рокабилли,,,кантри-блюз,,рок-н-ролл,",английский,2:50,Sun
Bring the Noise,Public Enemy,1988,Рик Рубин,хип-хоп,,3:45,Def Jam
Bohemian Rhapsody,Queen,1975,Рой Томас Бейкер,"прогрессивный рок,хард-рок,прогрессивный поп,хард-рок,опера,рок-баллада,хард-рок,рок-баллада,опера","английский,[1],английский,[1],английский,[1]",5:55,EMI
I’m Waiting for the Man,The Velvet Underground,1967,"Энди Уорхол,Том Уилсон","гаражный рок,,прото-панк,,хард-рок,",английский,04:39,Verve Records
Moment of Surrender,U2,2009,"Даниэль Лануа,Брайан Ино","рок,госпел",,7:24,Island
Rave On,"Бадди Холли,The Crickets",1958,,рок-н-ролл,,1:47,Coral
Rock Around the Clock,"Билл Хейли,The Comets",1954,Милт Гейблер,"Рок-н-ролл,рокабилли",,2:08,Decca Records
I Only Have Eyes for You,The Flamingos,1959,,"ду-воп,традиционная поп-музыка,софт-рок","английский,английский",3:20,End
The Sound of Silence,Simon & Garfunkel,1965,Том Уилсон,"фолк-рок,",английский,3:05,CBS
Proud Mary,Creedence Clearwater Revival,1969,Джон Фогерти,"рутс-рок,свомп-поп,",английский,3:07,Fantasy
Paint It Black,The Rolling Stones,1966,Эндрю Луг Олдэм,"психоделический рок,рага-рок",английский,(моно сингл mix),London Records
Eight Miles High,The Byrds,1966,,"психоделический рок,рага-рок,психоделический поп",английский,3:33,Columbia
Cathy’s Clown,The Everly Brothers,1960,,поп,английский,2:22,Warner Bros. Records
Lust for Life,Игги Поп,1977,Дэвид Боуи,"панк-рок,хард-рок",,5:11,RCA Records
Me and Bobby McGee,Дженис Джоплин,1971,Пол Ротшильд,"кантри,блюз-рок,кантри-рок","английский,английский",4 мин. 02 с.,Columbia
A Hard Day’s Night,The Beatles,1964,Джордж Мартин,"рок,джэнгл-поп",английский,2:32,Capitol Records
Foxey Lady,The Jimi Hendrix Experience,1965,Чес Чендлер,"психоделический рок,хард-рок,",английский,3:19,Reprise Records
Earth Angel,The Penguins,1954,,"Ритм-н-блюз,соул,ду-воп",,2:52,
All I Have to Do Is Dream,The Everly Brothers,1958,,Рок-н-ролл,английский,2:20,
Everyday People,Sly & the Family Stone,1968,Слай Стоун,"психоделический соул,фанк",английский,2:22,Epic
Purple Rain,"Принс,The Revolution",1984,Принс,"рок,,госпел,,соул,",английский,8:41 ,Warner Bros.
"Please, Please, Please","Джеймс Браун,Famous Flames",1956,Ральф Басс,ритм-н-блюз,английский,2:43,Federal
I Wanna Be Sedated,The Ramones,1978,Томми Рамон,панк-рок,,2:29,Sire
Kashmir,Led Zeppelin,1975,Джимми Пейдж,"Хард-рок,прогрессивный рок",английский,08:29,Swan Song
I Saw Her Standing There,The Beatles,1964,Джордж Мартин,рок-н-ролл,английский,2:55,Parlophone
Rock Lobster,The B-52s,1979,Крис Блэквелл,"новая волна,,дэнс-рок,",,,DB
Family Affair,Sly & the Family Stone,1971,Слай Стоун,Фанк,,3:06,Epic
Eleanor Rigby,The Beatles,1966,Джордж Мартин,"Барокко-поп,,арт-рок,,Ритм-энд-блюз","английский,английский",2:06,Capitol Records
Your Song,Элтон Джон,1970,,"поп,,рок,фолк,поп","английский,английский,английский",4:03,Uni
While My Guitar Gently Weeps,The Beatles,1968,Джордж Мартин,"хард-рок,,блюз-рок,",английский,04:46,Apple Records
In the Midnight Hour,Уилсон Пикетт,1965,"Джерри Векслер,Джим Стюарт","ритм-н-блюз,соул",,,Atlantic
Maggie May,Род Стюарт,1971,Род Стюарт,"рок,фолк-рок,софт-рок",английский,5 ,Mercury
Won’t Get Fooled Again,The Who,1971,"The Who,Глин Джонс","хард-рок,хард-рок","английский,английский",8:32 ,Track
Who Do You Love?,Бо Диддли,1957,"Леонард Чесс,Фил Чесс","рок-н-ролл,ритм-н-блюз",,2:18,Checker
Born to Be Wild,Steppenwolf,1968,,"Хард-рок,,,прото-метал,,",английский,,Dunhill
"Shake, Rattle and Roll",Биг Джо Тернер,1954,"Ахмет Эртегюн,Джерри Векслер","Рок-н-ролл,Рок-н-ролл,Рок-н-ролл","английский,английский,английский",3:20,Atlantic Records
Rock and Roll Music,Чак Берри,1957,"Леонард Чесс,Фил Чесс","Рок-н-ролл,рок-н-ролл","английский,английский",2:30,Chess Records
Changes,Дэвид Боуи,1971,Кен Скотт,"арт-поп,",,3:33,RCA Records
Jumpin’ Jack Flash,The Rolling Stones,1968,Джимми Миллер,хард-рок,английский,3:42,Decca
It’s a Man’s Man’s Man’s World,Джеймс Браун,1966,Джеймс Браун,"ритм-н-блюз,соул",английский,2:52,King Records
House of the Rising Sun,The Animals,1964,,"Блюз-рок,Фолк-рок",английский,4:29 ,
Go Your Own Way,Fleetwood Mac,1977,Fleetwood Mac,рок,английский,3:34,Warner Bros.
Stand by Me,Бен Кинг,1961,Джерри Либер и Майк Столлер,"Соул,ритм-энд-блюз,Рок,Кантри,Ритм-энд-блюз,соул,Соул,хип-хоп,Бачата","английский,английский,английский,английский,английский,английский",2,Atco
I Want You Back,The Jackson 5,1969,Берри Горди,"R&B,фанк,поп",английский,2:59,Motown
With or Without You,U2,1987,"Даниэль Лануа,Брайан Ино",Рок,английский,4:53,Island
Shout (Parts 1 and 2),The Isley Brothers,1959,,рок-н-ролл,,2:15 (часть 1),RCA
Crazy in Love,"Бейонсе,Jay-Z",2003,Бейонсе,"R&B,хип-хоп,фанк",английский,3:56,Columbia
Take Me to the River,Эл Грин,1974,,соул,английский,3:45,Hi
Honky Tonk Women,The Rolling Stones,1969,Джимми Миллер,"хард-рок,,рок-н-ролл,",английский,3:03,Decca
You Send Me,Сэм Кук,1957,,"Rhythm and blues,soul,traditional pop",английский,2:41,Keen
Up on the Roof,The Drifters,1962,Джерри Либер и Майк Столлер,"R&B,соул",,,Atlantic Records
That’s All Right,Элвис Пресли,1954,Сэм Филлипс,Рокабилли,английский,1:57,Sun Records
I’m So Lonesome I Could Cry,Хэнк Уильямс,1949,Фред Роуз,"Хиллбилли,хонки-тонк,кантри-блюз",английский,2 мин. 48 с.,
The Boxer,Simon & Garfunkel,1969,"Пол Саймон,Арт Гарфанкел",фолк-рок,английский,5:10,Columbia Records
I’ve Been Loving You Too Long (To Stop Now),Отис Реддинг,1965,"Джим Стюарт,Стив Кроппер",соул,английский,2:49,Volt
Brown Eyed Girl,Ван Моррисон,1967,,"рок,британский R&B",английский,3:03,Bang
Little Red Corvette,Принс,1983,Принс,"поп,,пост-диско,,фанк,,,рок,",,6:22,Warner Bros.
Not Fade Away,"Бадди Холли,The Crickets",1957,,"рок-н-ролл,рокабилли",английский,2:21,Brunswick
Voodoo Child (Slight Return),The Jimi Hendrix Experience,1968,Чес Чендлер,"психоделический рок,,блюз-рок,,хард-рок,",английский,5:12,Track
Crazy,Gnarls Barkley,2006,Danger Mouse,"нео-соул,,электроника,",английский,2:58,Downtown
Living for the City,Стиви Уандер,1973,Стиви Уандер,соул,английский,7:21 ,Tamla
Hot Stuff,Донна Саммер,1979,Джорджо Мородер,"диско,,рок,,танцевальная музыка","английский,английский",5:14 ,Casablanca Records
You Can’t Always Get What You Want,The Rolling Stones,1969,Джимми Миллер,"рок,госпел",английский,4,Decca
Fortunate Son,Creedence Clearwater Revival,1969,Джон Фогерти,"хард-рок,рутс-рок",английский,2:21,Fantasy Records
Love and Happiness,Эл Грин,1972,,"соул,диско,R&B",английский,5:07,London Records
Be-Bop-A-Lula,"Джин Винсент,Blue Caps",1956,,рок-н-ролл,английский,2:34,Capitol
Roll Over Beethoven,Чак Берри,1956,"Леонард Чесс,Фил Чесс",Рок-н-ролл,английский,,Chess
Great Balls of Fire,Джерри Ли Льюис,1957,Сэм Филлипс,"рок-н-ролл,рокабилли",английский,1:52,Sun
Blue Suede Shoes,Карл Перкинс,1956,Сэм Филлипс,"Рок-н-ролл,Рок-н-ролл","английский,английский",2:14,Sun Records
Good Golly Miss Molly,Литл Ричард,1958,,Рок-н-ролл,,2:07,Specialty Records
California Dreamin',The Mamas and The Papas,1965,Лу Адлер,"психоделический поп,фолк-рок",английский,2 мин. 42 с.,Dunhill
I Still Haven’t Found What I’m Looking For,U2,1987,"Даниэль Лануа,Брайан Ино","Рок,госпел",английский,4:37,Island Records
My Girl,The Temptations,1965,Смоки Робинсон,"соул,R&B",английский,2:59,Gordy Records
Blitzkrieg Bop,Ramones,1976,,"поп-панк,,,панк-рок,",английский,2:12,Sire
Suspicious Minds,Элвис Пресли,1969,Элвис Пресли,соул,английский,4:22,RCA
In the Still of the Night,The Five Satins,1956,The Five Satins,"ду-воп,ду-воп",,3:02,Ember
Ring of Fire,Джонни Кэш,1963,,"кантри,рок-н-ролл,психоделический рок,хард-рок,панк-рок,спид-метал,пауэр-метал","английский,английский,английский,английский",2:38,Columbia
Thunder Road,Брюс Спрингстин,1975,Брюс Спрингстин,рок,,4:49,Columbia Records
Crazy,Пэтси Клайн,1961,,"кантри,традиционная поп-музыка",,2:41,Decca
Every Breath You Take,The Police,1983,Хью Пэдхам,"новая волна,,софт-рок,",,(альбомная версия),A&M Records
Norwegian Wood (This Bird Has Flown),The Beatles,1965,Джордж Мартин,"Фолк-рок,,рага-рок,,психоделический фолк",английский,2:05,EMI
Blueberry Hill,Фэтс Домино,1956,Дейв Бартоломью,"Рок-н-ролл,ритм-энд-блюз",английский,2,Imperial
I Heard It Through the Grapevine,Марвин Гэй,1968,,Psychedelic soul,английский,3:16,Tamla
You Really Got Me,The Kinks,1964,,"хард-рок,,гаражный рок,,рок-н-ролл,,прото-панк,,хард-рок",,2:20,Pye
Mr. Tambourine Man,The Byrds,1965,,"фолк,фолк-рок",английский,5:29,Columbia
I Got You (I Feel Good),Джеймс Браун,1965,Джеймс Браун,"соул,фанк",английский,2:47,King Records (USA)
Papa’s Got a Brand New Bag,Джеймс Браун,1966,Джеймс Браун,"фанк,ритм-н-блюз,соул",,1:55 ,King Records
Mystery Train,Элвис Пресли,1955,Сэм Филлипс,Рокабилли,английский,,Sun Records
Strawberry Fields Forever,The Beatles,1967,Джордж Мартин,"Психоделический рок,,арт-поп,,прогрессивный поп,,психоделический поп,,эйсид-рок,",английский,4:10,Parlophone
Summertime Blues,Эдди Кокран,1958,,рокабилли,английский,01 ,Liberty Records
Superstition,Стиви Уандер,1972,Стиви Уандер,фанк,,4:26 (альбом),Tamla
California Girls,The Beach Boys,1965,Брайан Уилсон,"поп-рок,,California Sound,,поп-рок,хард-рок",,2:46,Capitol
Walk On By,Дайон Уорвик,1964,"Берт Бакарак,Хэл Дэвид","соул,поп",,2:55,Scepter
Crying,Рой Орбисон,1961,,поп-рок,английский,2 мин. 46 с.,Monument
Jailhouse Rock,Элвис Пресли,1957,,рок-н-ролл,английский,2:28,RCA Records
Redemption Song,"Боб Марли,The Wailers",1980,Крис Блэквелл,"Фолк,акустический рок",английский,3:49,Island
Sunshine of Your Love,Cream,1968,,"психоделический рок,,,хард-рок,,блюз-рок,",,"4:08 (альбомная версия), 3:03 (сингл версия)",
She Loves You,The Beatles,1963,Джордж Мартин,"поп-рок,",английский,2:17,Parlophone
For What It’s Worth,Buffalo Springfield,1967,,"фолк-рок,,кантри-рок,,психоделический рок,",,2:37,Atco
Tangled Up in Blue,Боб Дилан,1975,Боб Дилан,фолк-рок,,5:42,Columbia
Bo Diddley,Бо Диддли,1955,"Леонард Чесс,Фил Чесс","ритм-н-блюз,рок-н-ролл",английский,2:27,Checker
Whole Lotta Shakin’ Goin’ On,Джерри Ли Льюис,1957,,R&B,английский,,Sun Records
Let’s Stay Together,Эл Грин,1971,,"соул,R&B",английский,3:16,Hi 
The Times They Are a-Changin’,Боб Дилан,1964,,"Фолк,Фолк-рок","английский,английский",3:15,Columbia Records
A Whiter Shade of Pale,Procol Harum,1967,,"Психоделический рок,барокко-поп,прог-рок",английский,4:03,Deram Records
Anarchy in the UK,Sex Pistols,1977,Крис Томас,"панк-рок,хард-рок",,03:31,EMI
Long Tall Sally,Литл Ричард,1956,,рок-н-ролл,английский,2:10,Specialty Records
Billie Jean,Майкл Джексон,1983,"Майкл Джексон,Куинси Джонс","фанк,ритм-н-блюз,данс-поп",английский,4:50,Epic Records
Louie Louie,The Kingsmen,1963,,"Ритм-энд-блюз,рок-н-ролл,гаражный рок,прото-панк,хардкор-панк","английский,английский,английский",2:09,Posh Boy
When a Man Loves a Woman,Перси Следж,1966,,"R&B,соул,,блюз,традиционная поп-музыка",английский,2:51,Atlantic
When Doves Cry,Принс,1984,Принс,"Экспериментальный поп,,неопсиходелия,,авангардный поп,,соул,,минимализм,",английский,,Warner Bros.
The Message,Grandmaster Flash and the Furious Five,1982,Сильвия Робинсон,"хип-хоп,,,,осознанный хип-хоп,электро,,прогрессивный рэп,",,7:10,Sugar Hill Records
The Tracks of My Tears,"Смоки Робинсон,The Miracles",1965,Смоки Робинсон,соул,английский,2:55,Tamla
Hotel California,Eagles,1976,,блюз-рок,"английский,[3]",06:30,Asylum Records
All Along the Watchtower,The Jimi Hendrix Experience,1968,Джими Хендрикс,"фолк-рок,психоделический рок","английский,английский",2:31,Columbia Records
Bridge Over Troubled Water,Simon & Garfunkel,1970,"Пол Саймон,Арт Гарфанкел","софт-рок,,госпел,",английский,4:55,Columbia
Heroes,Дэвид Боуи,1977,Тони Висконти,"арт-рок,",английский,,RCA Records
Heartbreak Hotel,Элвис Пресли,1956,,Рок-н-ролл,английский,2:08,RCA Records
Georgia on My Mind,Рэй Чарльз,1960,,"Джаз,соул,блюз,традиционная поп-музыка,Джаз,соул,блюз,традиционная поп-музыка","английский,английский",3,Victor
Tutti Frutti,Литл Ричард,1955,,Рок-н-ролл,английский,2:25,Specialty Records
Dancing in the Street,Martha and the Vandellas,1964,,"ритм-н-блюз,соул,рок,поп-рок,","английский,английский,английский",2:40,Gordy
Waterloo Sunset,The Kinks,1968,Рей Дэвис,"психоделический поп,,оркестровый поп,,поп",,3:16,Polydor
The Weight,The Band,1968,,"фолк-рок,рутс-рок",,4:34,Capitol
Gimme Shelter,The Rolling Stones,1969,Джимми Миллер,"Блюз-рок,хард-рок",,4:37,Decca Records
"No Woman, No Cry","Боб Марли,The Wailers",1975,"Крис Блэквелл,Боб Марли,The Wailers",регги,английский,3:42 ,Tuff Gong
That’ll Be the Day,"Бадди Холли,The Crickets",1957,,рок-н-ролл,,2:16,
One,U2,1992,"Даниэль Лануа,Брайан Ино","Рок,баллада",английский,4:36,Island Records
Light My Fire,The Doors,1967,Пол Ротшильд,"психоделический рок,",английский,,Elektra Records
You’ve Lost That Lovin’ Feelin’,The Righteous Brothers,1964,Фил Спектор,"поп,поп","английский,английский",3:05,Parlophone
River Deep – Mountain High,"Айк Тёрнер,Тина Тёрнер",1966,Фил Спектор,"соул,поп",английский,3:40,Philles Records
Sympathy for the Devil,The Rolling Stones,1968,Джимми Миллер,рок,английский,6:28,
(Sittin’ on) The Dock of the Bay,Отис Реддинг,1968,Стив Кроппер,"ритм-н-блюз,соул,рок,поп-рок,adult contemporary",,2:38,Volt
A Day in the Life,The Beatles,1967,Джордж Мартин,"Арт-рок,,психоделический рок,,оркестровый поп,",английский,05:33,Parlophone
I Walk the Line,Джонни Кэш,1956,Сэм Филлипс,"кантри,рокабилли,рок-н-ролл,Хаус","английский,английский",2:45,Sun Records
Layla,Derek and the Dominos,1970,"Том Дауд,Derek and the Dominos","блюз-рок,блюз-рок,блюз","английский,английский,английский",7:02 - 7:11,Atco
Stairway to Heaven,Led Zeppelin,1971,Джимми Пейдж,"хард-рок,фолк-рок,прогрессивный рок",английский,08:01,Atlantic Records
Born to Run,Брюс Спрингстин,1975,Брюс Спрингстин,хартленд-рок,,4:30,Columbia Records
God Only Knows,The Beach Boys,1966,Брайан Уилсон,"Барокко-поп,,,,экспериментальный поп,,арт-поп,,психоделический рок,,барокко-поп","Английский,английский",2:55,Capitol
People Get Ready,The Impressions,1965,,соул,английский,2:38,ABC-Paramount
Help!,The Beatles,1965,Джордж Мартин,"Фолк-рок,",английский,2:18,Parlophone
Let It Be,The Beatles,1970,"Джордж Мартин,Фил Спектор","рок,,софт-рок,",английский,4:03,Apple
Hound Dog,Элвис Пресли,1956,,"ритм-н-блюз,рок-н-ролл","английский,английский",2:52,Peacock Records
Maybellene,Чак Берри,1955,"Леонард Чесс,Фил Чесс",Рок-н-ролл,,2:19,Chess Records
I Want to Hold Your Hand,The Beatles,1963,Джордж Мартин,поп-рок,английский,2:26,Parlophone
London Calling,The Clash,1980,,"Пост-панк,,панк-рок,",английский,3:18,CBS
Purple Haze,The Jimi Hendrix Experience,1967,Чес Чендлер,"Психоделический рок,,хард-рок,",английский,2:50,Track Records
